customer_number,account_number,full_name,balance
1,WFBIUS6S,Millisent Medforth,234080
2,HANDUS33XXX,Esteban Scottrell,58594
3,CHASUS33,Nell Wadeling,137201
4,DEUTLULLCTA,Barnett Ruane,73058
5,PNCCUS33,Rikki D'Avaux,218005
6,WFBIUS6S,Dacey Normaville,238238
7,CIERFRP1XXX,Sonny Paulet,338164
8,MLPBDE61XXX,Bax Milverton,304736
9,BOFAUS3N,Emiline Hail,187315
10,FDCNIE21XXX,Barthel Blakebrough,148212
11,DBUCBE91XXX,Aubrette Straine,315800
12,BEDFESM1XXX,Sayers Sibborn,239232
13,GENODEF1TEI,Ogdan Blatchford,118759
14,UBSWDE24NON,Jasper Capenor,91984
15,HEISDE66XXX,Sharl Ladson,23970
16,GENODES1SLG,Chris Degoey,17079
17,DEUTITM1462,Athene Bone,211595
18,FTBCUS3C,Orren Fowlston,141508
19,CCBPFRPPBDX,Gasparo Fleisch,194280
20,BAPPIT21748,Elbertina MacNucator,268111
21,RZSTAT2G133,Marsh Risbrough,232049
22,TRVEIT2PXXX,Hamilton Charke,165618
23,MRMDUS33,Honor Payler,137578
24,SUBACZPPXXX,Hunt Scatcher,238124
25,RVSAAT2S055,Kingsly Kubik,105087
26,GENODEF1CH1,Paquito Cawthorn,194334
27,CHASUS33,Sallyann Denham,26104
28,CCRTIT2TV00,Wendie Meynell,235348
29,RZOOAT2L110,Sarina McDavitt,102772
30,BNPAMQMXXXX,Dante Izat,154250
31,GENODED1KLL,Renell De Cleyne,146287
32,BOFAUS3N,Mickie Skechley,193864
33,NFBKUS33,Cheslie Wildor,214860
34,CHASUS33,Vittoria Minnette,36899
35,SWEDFIHHXXX,Catlaina Wimsett,136764
36,RLNWATWWZDF,Pattie Stonuary,164724
37,CITIUS33,Thorpe Burris,218570
38,CHASDEFXXXX,Adda Moorman,170497
39,MRMDUS33,Gill Smyley,46332
40,WELADED1WBB,Emelda Pohls,190530
41,GENODED1DKY,Sherill Commin,176730
42,RZSTAT2G312,Xylina Duffrie,371536
43,GENODED1DKY,Reggis Cocozza,207278
44,BAPPIT21P70,Selia Eadmead,185784
45,UBSWDE24EQU,Kiley Morten,325181
46,SOLADES1RWL,Nikolia Readwin,133138
47,BFKKSKBBXXX,Moishe Widdop,134568
48,CITIUS33,Lou Stellin,217486
49,CITIUS33,Witty Grabert,169934
50,GENODEF1VRR,Jill Willshee,350762
51,CEPAFRPP751,Chandra Pessel,181341
52,KBLXMCMCXXX,Seward Wastell,227525
53,GENODEF1OSV,Valida Banks,173095
54,GENODEM1MEN,Jacquelynn Queste,80335
55,WFBIUS6S,Edgardo Dillaway,18743
56,SVRNUS33,Caitrin Housbey,354819
57,BOFAUS3N,Estevan Gaffey,21774
58,KELRHUHAXXX,Stephi McIlreavy,278221
59,CCOPFRPPXXX,Justinn Hanscome,116668
60,TRFIFR21XXX,Rici Paddison,373077
61,MEKUDK21XXX,Claudian Clarabut,355032
62,AGRIFRPP829,Melisenda Powland,15956
63,DEUTITM1464,Nels Deetlof,352097
64,LLBBLV2XXXX,Kendal Winteringham,285476
65,HYPTAT22XXX,Courtnay Truse,71402
66,ICRAITRRJK0,Laure Trounce,329266
67,GENOGB2LXXX,Beatriz Everton,39787
68,WELADED1BUB,Nichole Demann,303554
69,GENODE51SBH,Aldrich Rennick,240248
70,BAPPIT21I43,Simone McGoon,84222
71,GENODEF1MD1,Krispin MacNucator,218098
72,CITIUS33,Fionna Gieraths,254243
73,WFBIUS6S,Daffy Spyby,324180
74,SBININBB536,Cleo Wessel,285669
75,LOCYFRPPXXX,Dur Bauman,336348
76,FTBCUS3C,Dev Mulbry,342045
77,PNCCUS33,Jessy Orbon,261892
78,BOFAUS3N,Catherine Iceton,232982
79,RZOOAT2L522,Darin Hastler,22842
80,RLNWATWWZWE,Garret Sporner,28083
81,KODBHUHBXXX,Tallia Dagon,143750
82,CITIUS33,Jon Dell,235660
83,TECTNL21XXX,Pattie Lathleiff,275515
84,CITIUS33,Ivar Petrillo,131417
85,KALCHR2XXXX,Liva Cable,146137
86,HABALT22XXX,Nickie Usmar,264093
87,BCITITMMXXX,Free Iacoviello,53891
88,ICRAITRRTQ0,Dwain Van der Baaren,236913
89,RZOOAT2L630,Marlyn Ormshaw,69502
90,PARBHKHHXXX,Margeaux Hane,207872
91,MEFIDEMMXXX,Ase Troyes,297744
92,ICRAITRRTV0,Cyndie Dwelley,52147
93,RZOOAT2L313,Wilt Brear,159773
94,USBKUS44IMT,Wakefield Casewell,42694
95,GENODEF1KBW,Tomlin Ielden,22086
96,BCLSDE21XXX,Hewet Radden,280731
97,SGDCFRP1XXX,Guilbert Husband,47865
98,BPCDFRP1XXX,Karl Baron,126233
99,ESSIPTPLXXX,Del Extall,135079
100,BNLIITR1B9Z,Ev Lefridge,332192
101,HAABHR22CUS,Korella Cordeau],285865
102,GENODES1DEH,Richart Dedenham,208172
103,NOLADE21SES,Adda MacQueen,275605
104,CECAESMM056,Irma Batalle,174389
105,MELIDE21XXX,Che Maunder,138268
106,BAPPIT21T25,Morey Grigolon,287255
107,PFKOSES1XXX,Jess Beedham,321289
108,CDCGFRPPXXX,Dasya Petley,139744
109,MALADE51AHR,Pippo Pomfrey,186330
110,BCOEESMM076,Rolph Strond,375723
111,RLNWATWWWTH,Livvy Ceschi,144849
112,NFBKUS33,August Thorington,88400
113,EVATSES1XXX,Inigo Dillintone,307678
114,BGLLDEF1XXX,Kaitlin Uttermare,151967
115,PNCCUS33,Kettie Turpin,271893
116,UBSWDE24HSE,Frazer Filde,113745
117,LBLBDES1XXX,Caitlin Timcke,98120
118,RZBAATWWA03,Isabeau Harpin,17850
119,WELADED1RHN,Beryl Joddins,75396
120,GENODEF1BLT,Ritchie MacGahey,159379
121,RZSBIT21045,Hertha Peterson,23596
122,CITIUS33,Elisa Millions,174963
123,DEUTPLPXXXX,Beverly Bagnell,50031
124,VOWADE2BXXX,Kati Maiklem,99199
125,CCRIES2A029,Harriott Thurby,308765
126,NFBKUS33,Jasmin Wimlet,191519
127,RZTIAT22XXX,Jule McGaugan,127925
128,SOLADES1REN,Kendal Culbard,11833
129,BOFAUS3N,Marie-jeanne Vaud,179989
130,BKIDINBBSKN,Kyrstin Ide,122585
131,GEBABEBBLDN,Nani Pardie,187331
132,TOBAPLPWXXX,Lionel Fardo,15278
133,GENODEF1ORF,Amandie Vigne,198737
134,NFBKUS33,Georgy Greenmon,312819
135,GENODEF1DGV,Pinchas Walesby,37265
136,DEUTITM1470,Aland Elmar,74729
137,GENODED1DHK,Demott Grewer,306453
138,INGAAU2SXXX,Marcel Pettingill,333563
139,BFIAPTPLXXX,Priscella McGinnell,215895
140,AGRIFRPP845,Latia Seabridge,184579
141,GENODEF1LON,Felipe Brolechan,112266
142,ULSBIE2DXXX,Hewet Schumacher,245889
143,SBOSITMLXXX,Tyson Corbyn,178505
144,CIBHHUHBXXX,Rabi Brixey,164684
145,WFBIUS6S,Bidget Ruse,302303
146,GENODED1KMP,Maryrose Mewett,323192
147,WELADED1CBN,Nicolis Wellesley,108241
148,OTPVDEFFXXX,Sofia Bayliss,247549
149,ICSVNL21XXX,Thekla Dade,232477
150,WELADED1UMX,Evy Al Hirsi,311670
151,DEUTITM1475,Christi Goskar,19216
152,BBVAJPJTXXX,Ella Underwood,294803
153,HANDLULBXXX,Lin Dutnell,96725
154,RZOOAT2L770,Arlee Scandrett,151702
155,BSWPPLP1XXX,Waldo Slimings,329084
156,BAPPIT21U34,Roi Jansen,90426
157,BOFAUS3N,Jenelle Denison,211433
158,INGDESMMXXX,Di Nellies,86497
159,WFBIUS6S,Adelina Tudball,191982
160,KPDCIE21XXX,Andra Petrasek,77398
161,GENODEF1AGY,Rosalia Maddigan,358312
162,TUSAFI21XXX,Amaleta Smellie,275022
163,WECIIE21XXX,Eilis Fildes,306532
164,CRNUFR21XXX,Emiline Middup,275291
165,ICRAITRRJV0,Kassi Elldred,14186
166,HELADEF1SAR,Pammi Brainsby,362768
167,CHASUS33,Pryce Eastbury,286584
168,GENODEF1PSO,Hazel Flook,83273
169,DEBPDE51XXX,Rad Fould,58192
170,KTAGDEFFXXX,Findley Fihelly,354998
171,PNCCUS33,Ericka Scott,299963
172,SBININBB110,Nicky Tethacot,349815
173,CITIUS33,Aurelie Gent,333252
174,FCEFESM1XXX,Alessandra Averill,44022
175,BAPPIT21340,Rolph Stirzaker,150157
176,LCLPFRP1XXX,Rocky Tramel,197947
177,GENODEF1ESO,Merrilee Drane,322236
178,RCNOATW1XXX,Tarra Dewicke,343714
179,PIFIFRP1XXX,Lulu Ingliss,253655
180,BOFAUS3N,Linet Phinn,116828
181,SEBKLULLXXX,Sheila Colten,353902
182,SOLADES1VSS,Elton Blaza,338347
183,DUCUIE21XXX,Gregg Dracksford,138171
184,NNBANL2GXXX,Wilow Blay,79112
185,DEUTLULLPRI,Carmelia Stych,278731
186,CITIUS33,Kandy Pizer,222793
187,RZTIAT22279,Redford Merrell,253024
188,BOFAFRPPVAM,Minta Grubey,61233
189,ZEELNL21XXX,Ailee Emett,58074
190,GOCNIE21XXX,Pamella Stobbs,173358
191,GENODEF1HGM,Adair Eckery,163474
192,SPKUAT22XXX,Novelia Janzen,150518
193,CPHBBE75XXX,Angelika Margarson,10981
194,CEPAFRPP426,Ardys Dudin,186229
195,CHASUS33,Imelda Sennett,212413
196,USBKUS44IMT,Iggie Romaint,188424
197,BKAUATWWVOE,Sheppard Bendell,374450
198,PNCCUS33,Meryl Mulqueen,372778
199,RZBAATWWTRE,Marilee Guidotti,134755
200,PARBSGSGXXX,Kare Bowden,341988
201,BAPPIT21G97,Alameda Kohler,211217
202,ESSEDEFFXXX,Shanna Glenister,331062
203,GENODEF1P18,Jasen Cracknell,272786
204,GIBASKBXXXX,Mac Follis,83927
205,CIVIIT2CXXX,Benn Grindle,86263
206,BNLIITR1ACZ,Haroun Titchmarsh,332294
207,BAPPIT21339,Beth Clemendot,234481
208,BOFAUS3N,Devy Doole,51860
209,GENODEF1TEI,Danita Barajas,204267
210,CCRTIT2TATC,Halsey Greed,218375
211,GENODEM1EWB,Levi Wylam,170331
212,CITIUS33,Stephanus MacCahee,332021
213,BAPPIT21782,Hermine Doddemeede,345351
214,WELADED1MES,Sofie Ginley,121360
215,BNLIITR1BCZ,Reggi Ouldcott,350297
216,WFBIUS6S,Thea Bendall,102463
217,ARRNIE21XXX,Seth Dew,200165
218,BKIDINBBSPZ,Alvina Carnow,173153
219,TRVEIT2PXXX,Anjela Douberday,227998
220,GBGCPLPKXXX,Griffin McFadzean,253075
221,BOFAUS3N,Lisette Blythin,45349
222,GENODE61RH2,Xenia Lumm,41418
223,BOFAUS3N,Fayina Handscombe,264499
224,GENODED1RKI,Dorita Jefferies,69983
225,GENODEF1WFN,Anastassia Kellart,162441
226,WFBIUS6S,Maryann Warmington,96854
227,BCOEESMM127,Dixie Spurritt,349727
228,WELACNS1XXX,Rozina Sapwell,256805
229,EDCIIE21XXX,Angelika Darcy,37678
230,GENODE51DRE,Cody Largen,6450
231,HYVEITMMXXX,Michelle Barchrameev,260910
232,SABADE5SXXX,Amy Chasles,37248
233,SARUIE21XXX,Agustin Shelf,314212
234,BOFAUS3N,Ab Murdoch,163931
235,CHASUS33,Grete Sly,302419
236,CCRTIT2TVIT,Addie Fochs,230800
237,CSRFITR1XXX,Rochette Ottosen,371307
238,KREDHKHXXXX,Zared Rooksby,297256
239,GENODEF1SR2,Walker Noah,211748
240,RZBAATWWRCB,Ricky Gemeau,150542
241,GENODEF1BTO,Gilbertina Pacitti,246302
242,SPSDSE23XXX,Alli Insull,15357
243,GENODED1EMR,Renae Scarratt,58540
244,CRDRIT2FXXX,Carrie Cockshott,224135
245,BCOMMOMXXXX,Kimberly Sivil,47629
246,REAKDKK1XXX,Otis Fairs,245865
247,RLBBAT2E058,Ulick Adair,378641
248,GENODES1HDH,Antone Kilshall,358480
249,RABOGB2LXXX,Fred Bingham,265432
250,QNBAFRPPXXX,Petronille Mault,229417
251,CCRTIT2TPRE,Terrie Shovlar,14568
252,SABUDES1XXX,Edouard Vittel,193280
253,RZTIAT22285,Dianna Harrow,257738
254,NFBKUS33,Elisa Pusey,57484
255,BFKKHR22XXX,Gan Martinetto,340797
256,BAPPIT21U39,Carlo Vautrey,252259
257,BCOEESMM085,Paquito Cattemull,192108
258,INGBATWWXXX,Madelena Curl,220559
259,BOFAUS3N,Arnuad Caughtry,16383
260,GENODEF1HUD,Krystalle Richley,366107
261,COBADEFFXXX,Blake Heimes,203540
262,CMZRCZP1XXX,Kory Stanyforth,131778
263,BAPPIT21R21,Dorian Inglesant,339568
264,MALADE51ROK,Osmond Ropkins,315096
265,USBKUS44IMT,Sallee Magarrell,21959
266,AVCUIE21XXX,Susanne Stivers,291458
267,RZBAATWWREC,Gabi Georgeau,69195
268,BAPPIT21657,Elva O'Rodane,294735
269,GENODES1WLB,Dukie Mourge,255772
270,CEPANL2AXXX,Loydie Parslow,62459
271,OVLIAT21XXX,Aron Loraine,121640
272,GENODEF1WYK,Omero Sturmey,331896
273,SXPYDKKKXXX,Osbourn Rao,248326
274,GENODEF1NMS,Jacquenetta Catonne,72099
275,BAERMCMCXXX,Rand List,77077
276,BAPPIT21P87,Adah Littrik,136356
277,HYPTIT2BXXX,Dyane McCambridge,241518
278,ESAFESM1XXX,Olimpia Siggery,131611
279,WFBIUS6S,Isabella Joscelin,160534
280,SOLADES1DLN,Borg Lumly,180892
281,CITIUS33,Randene Lattie,39989
282,SBININBB582,Darya Mouland,274127
283,AZZBITT3XXX,Carlee Garvin,331454
284,GENODEF1HGX,Inness Dufour,104264
285,BAPPIT21I45,Marysa Partleton,222167
286,WUIBITR2XXX,Tore Barwick,208585
287,WELADEDLXXX,Zed Balfe,197359
288,BOBJDK21XXX,Gertruda Whitebread,366774
289,LISPAT21XXX,Lonny Litt,313549
290,CEPAFRPP450,Quintina Donohue,130204
291,LOCIIE21XXX,Michaeline Davson,44306
292,BCOEESMM008,Bryana Gianneschi,29745
293,FDDDDK21XXX,Rebecka Surplice,104886
294,FTBCUS3C,Almeda Lenaghen,315785
295,HELADEF1WAK,Gilbertina Saphir,354228
296,IBAGAT21XXX,Hayes Haddington,164348
297,NFBKUS33,Karlik Hadenton,8516
298,LEGRFRP1XXX,Wayland Rojel,322518
299,ANHODE7AXXX,Ninetta Heine,93596
300,BOFAUS3N,Abby Newcomb,199945
301,CGAVFR21XXX,Winnifred Tough,246679
302,GENODEFFXXX,Trix Portt,72161
303,UBSWDE24ISA,Elvina Wye,365509
304,WFBIUS6S,Halimeda Fantham,35258
305,DACNIE21XXX,Warde Devenport,327503
306,FTBCUS3C,Marylynne Osmant,104874
307,RLNWATW1198,Barrett Staynes,179758
308,CITIUS33,Jerri Doore,170374
309,BNLIITR1B8Z,Gizela MacDwyer,164161
310,GENODEM1MEN,Sal Oram,105065
311,GENODEF1APE,Miner Danahar,360530
312,MEOILUL1XXX,Clara Chilcott,359024
313,CUABDED1XXX,Torre Morley,258349
314,CTLUPTP1XXX,Dunc Simonato,106513
315,PNCCUS33,Lory Yegorkov,275965
316,GENODEF1BTY,Stavro Dumigan,141574
317,HCDCIE21XXX,Anabelle Garrity,250091
318,BOFAUS3N,Kinny Alecock,343640
319,HELADEF1HAN,Concettina Grattan,107287
320,BOFAUS3N,Janella Crady,181662
321,WFBIUS6S,Sarina Lepere,182903
322,GENODEF1ADE,Silvain Stanners,260979
323,GENODE61DUR,Rockey Persence,161039
324,FTBCUS3C,Gunter Hemphill,173510
325,BCITAEADXXX,Bogart Taft,313209
326,NBCUIE21XXX,Raul Rochester,66202
327,DEUTITM1468,Cooper Beldum,184437
328,GENODEF1S09,Leroi Wyke,138323
329,CEPAFRPP513,Manfred Weine,3132
330,RLNWATW1940,Kareem Risely,186784
331,GEFVFRP1XXX,Laina Rowbury,122687
332,GENODES1NHB,Darwin Konerding,107384
333,BYLADEM1FRG,Nana Lantaph,276037
334,DBSCESMMXXX,Minny Keller,6203
335,INGBBGSFXXX,Dionne Timpany,105457
336,CIERFRP1XXX,Cheston Pinnington,324049
337,BAPPIT21522,Emmet MacQuist,304108
338,GENOHKHHXXX,Johnathan Shelmardine,168924
339,NFBKUS33,Angelica Critchell,133991
340,GENODEF1HGA,Ronnie Burmaster,50083
341,LLIUPTP2XXX,Laryssa Greber,285221
342,CITIUS33,Brynna Hallifax,74710
343,AXABFRPPXXX,Risa Bosher,251002
344,BAPPIT21162,Lenci Pond-Jones,72029
345,BAPPIT21597,Nils Bakhrushin,325181
346,BRGEFRPPXXX,Ronny Tosdevin,234557
347,BKIDINBBADC,Jordon Godsil,312802
348,NFBKUS33,Morgun Orable,296525
349,MGTCBEBEXXX,Giacinta McGiven,286655
350,HANDNOKKXXX,Archibold Dangerfield,119694
351,ALLFITMMXXX,Egor Tidder,349814
352,BNPAHKHHXXX,Dominik Caunt,201677
353,SVRNUS33,Farra Ellwell,349610
354,INGBROBUXXX,Adara Naisbitt,13790
355,CITCIE2DXXX,Dory Prosch,44651
356,BOFAUS3N,Belle Duncan,268454
357,VIVIDK21XXX,Franz Brophy,232697
358,GENODED1FIN,Darin Pulteneye,289621
359,ESSEPLPWXXX,Case Crowhurst,198823
360,PNCCUS33,Allayne Burchard,274057
361,GENODEF1SWW,Dasie Slyde,284198
362,CCRTIT2TSMZ,Arielle Handslip,227867
363,PNCCUS33,Lenette Simmance,229675
364,GIBAHKHHXXX,Ali Banbury,287774
365,POSDPLP1XXX,Abra Evison,269861
366,CDDCIE21XXX,Isabelle Trubshawe,367003
367,BAPPIT21699,Ettore McIlmorow,178599
368,CITIUS33,Devinne Dearnaley,361806
369,BOFAUS3N,Happy Ransome,241041
370,BAOSATWWXXX,Tabbatha Orneles,201162
371,GENODEF1ALX,Braden Simson,181673
372,CITIUS33,Ivan Coumbe,127935
373,CMCIDEDDXXX,Ashli Gubbins,13245
374,VBOEATWWINN,Silvio Dimitrijevic,116664
375,FTBCUS3C,Ham Ellson,258006
376,PNCCUS33,Shawnee Probin,130655
377,GENODES1TUT,Lenette Croad,227794
378,PNCCUS33,Selby Temperton,104760
379,BNPAGRA1XXX,Ruttger Harkness,97189
380,BNLIITR1ABZ,Eileen Janny,183893
381,MDCOIE21XXX,Melba Di Biasio,2839
382,RZOOAT2L356,Cinnamon Creeghan,240374
383,GENODEF1DSB,Agosto Horley,194387
384,RIBRLV22XXX,Katrina Schubart,279963
385,CCRTIT2TN00,Mersey Storr,233655
386,BSHHDE61XXX,Daryn Start,25546
387,BAPPIT21670,Honey Das,261677
388,KCRUIE21XXX,Stormi Carbin,199802
389,SLIUFRP1XXX,Dorthea Subhan,141720
390,VOLPDE81XXX,Nert Dessaur,50952
391,RZKTAT2K320,Heindrick Angel,79791
392,GENODEF1MU4,Kori MacComiskey,308677
393,CITIUS33,Linnea Reaper,182446
394,BAPPIT21AK0,Townsend Bussel,175612
395,CHASUS33,Somerset Heaselgrave,43882
396,BAPPIT21233,Ange Cattermoul,251006
397,BPKHPLPGXXX,Alvan Ravenhill,196012
398,RZSTAT2G436,Rahal Warrener,156525
399,GENODES1MAG,Herschel Coulthard,174445
400,PARBBEBZXXX,Silvano Dilland,130527
401,SCBNFR21XXX,Rex Cleverly,161055
402,FTSBDKKKXXX,Karin Tarn,324761
403,GENODEF1AIL,Lora Farncombe,198817
404,POVEIT33XXX,Daphne Clapton,205969
405,LAHYSESSXXX,Clayson Stollenhof,25140
406,FTBCUS3C,Wade Butler-Bowdon,128545
407,ASPDIE21XXX,Leah Rowberry,253922
408,ICRAITRR2E0,Marcelline Fossick,100563
409,DBSALULLXXX,Lynde Kisbee,132459
410,HPBZHR2XXXX,Katrine Terese,121358
411,BNLIITR1C1Z,Donella Titmuss,110575
412,RLNWATWWASC,Axel Trunby,4528
413,BGENIT2TXXX,Stormi Dunkerley,132790
414,BCOEESMM104,Elaine Sawday,109266
415,SLHYAT2S500,Gilles Forstall,10612
416,BAPPIT21327,Lucien Simoens,287770
417,ILBXDE81XXX,Erinn Benzing,90487
418,GENODEF1BPL,Vite Scemp,155910
419,DEUTCHZZXXX,Liuka Eves,13221
420,BEMOLULLXXX,Meredeth Thorowgood,123593
421,BAPPIT21U44,Bridget Caulton,100822
422,CITIUS33,Leticia Yosifov,60226
423,CITIUS33,Aurea Fatscher,121779
424,CEPAFRPP426,Carmita Mottinelli,220950
425,CCRTIT2TLAU,Palm Lukas,159335
426,GEBABEBBALM,Morgen Mazzei,343928
427,BSUIDKKKXXX,Cecilius Maulkin,245351
428,FROPDK21XXX,Joanna Gardiner,23953
429,CCRTIT2TMUR,Bradford Pallent,227435
430,ICRAITRR9L0,Reamonn Gallaccio,338127
431,GENODES1TRO,Meryl Crambie,52240
432,HELAUS33XXX,Odie Loxdale,156920
433,RZKTAT2K505,Emelita Crayker,92522
434,HELADEF1BAT,Manny Radbone,145171
435,VOLPDE81XXX,Rozanne Janecki,297635
436,CITIUS33,Gabriella Elderidge,68388
437,WFBIUS6S,Mohandis Keenan,6238
438,ANCOCY2NXXX,Delano Jannaway,353630
439,BEMOLULLXXX,Freddi Nel,197630
440,CCRTIT2TM00,Rickey Blackmuir,8395
441,BAPPIT21R48,Korie Venediktov,227136
442,BNLIITRRES5,Derek Rackstraw,128381
443,GENODEF1MRI,Klemens Hacker,352566
444,BOFAUS3N,Loria Tertre,4492
445,BAPPIT21240,Thorstein Judson,195474
446,RZOOAT2L075,Ave Dursley,39948
447,GENODEF1SRY,Pippy Delacroix,122968
448,GENODEF1MIW,Devan Nunson,315231
449,WELADED1BEB,Albie Neil,361620
450,ACTVPTPLXXX,Josefina Itzcovichch,282557
451,CHASUS33,Seka Bidgood,346336
452,ICRAITRRQ40,Ralph Draude,83220
453,BERLMCMCXXX,Pen Margerrison,360578
454,BOFAUS3N,Clemens Bryce,54161
455,RZOOAT2L170,Saundra Roch,130025
456,GENODEF1PY2,Isidoro Euston,36059
457,SPBAATWWXXX,Maury Kibard,234897
458,BNLIITR1AMZ,Sandy Kimpton,63128
459,HELADEF1HAN,Ingra Kidby,342687
460,BEILLULLXXX,Archibold McLugish,215135
461,RZOOAT2L111,Helyn Czajka,38018
462,NFBKUS33,Kienan Fortoun,173672
463,PIRBROBUXXX,Kippy Marron,117469
464,CITIUS33,Sherwood Baybutt,112153
465,DEUTITMMESD,Taddeusz Vsanelli,97645
466,NROZCZPPXXX,Jackqueline Cargon,185687
467,NAMIFRP1XXX,April Ivachyov,299835
468,FTBCUS3C,Elwin Oldershaw,171562
469,CITIUS33,Imelda Balducci,370139
470,FITUIE21XXX,Penni Wickes,127775
471,FINNSES1XXX,Mallorie Whitwood,24047
472,BOFAUS3N,Lonnie Godehard.sf,116209
473,BOFAUS3N,Elnore Berrey,90033
474,CCRTIT2T50A,Ellene Murrow,169404
475,RBRTAT22BHJ,Case Lewin,290967
476,WELADED1CBN,Garvy Domican,354925
477,GENODEF1GAZ,Darsey Stalman,124221
478,NFBKUS33,Helenka Valder,296176
479,CEEGFR21XXX,Betti Pettyfar,225783
480,AGRIFRPP824,Regine LaBastida,120041
481,GENODEF1DTA,Dione Negus,105539
482,CITIUS33,Kittie Haslen,172865
483,CCRTIT2T50A,Lela Lissaman,347577
484,FIRUIE21XXX,Kial Stanyforth,263602
485,PNCCUS33,Zara Saich,82736
486,CITIUS33,Odelia Jose,229065
487,AXFFFRP1XXX,Trenna Baylie,312932
488,BSUIDKKKXXX,Bernhard Rogier,270773
489,MIBEDEFFXXX,Kassie Pigeram,138410
490,BNLIITR1AEZ,Owen Torbett,142944
491,MSZCPLP1XXX,Pauly Skermer,275908
492,CCRTIT2TXXX,Rosalind Fritschel,98926
493,CITIUS33,Aggi Scarlett,368976
494,ASPDIE21XXX,Gillian Etteridge,197937
495,NFBKUS33,Jewel Orwell,233371
496,SWEDCNSHXXX,Roger McLaverty,184756
497,CRLYFRPPXXX,Deana Kamenar,162870
498,BOFAUS3N,Melina Ibarra,220524
499,FTBCUS3C,Glenine Pouton,294556
500,GENODEF1SGH,Robinetta McGettigan,198120
501,CIERFRP1XXX,Georgiana Del Dello,83948
502,VKBLAT2LXXX,Janel Isakson,244999
503,LOYDDEB2XXX,Tammie Filov,230180
504,FIOBCZPPXXX,Arturo Seleway,131171
505,CHASUS33,Dorthea Adams,161154
506,CAGLPTPLXXX,Uta Axon,305090
507,FFBKDEFFXXX,Iver Folbige,134747
508,BOFAUS3N,Les Bolland,107538
509,PARBBEBZXXX,Chris Thomann,235441
510,LOCYESMMXXX,Gisela Readhead,98129
511,BAPPIT21N59,Alecia Sugars,86436
512,SNCILUL1XXX,Carver Goundry,123335
513,OBKLHUHBXXX,Ariela De Giorgis,202964
514,GENODEM1GLS,Pincus Kermath,34884
515,LOCYFRPPXXX,Josefina Antony,336076
516,SBOSFRP2XXX,Gwyn Gillhespy,26539
517,GENODED1KSL,Muire Cordeau,98575
518,SBININBB370,Yancy Rainy,298258
519,CITIUS33,Kass Hanny,268069
520,ICRAITRRKB0,Chrissie Piolli,134495
521,COGRFR21XXX,Cornela Smallacombe,122446
522,GENODEF1S09,Shawna Pipkin,55950
523,DDCNIE21XXX,Siegfried Alonso,93244
524,FTBCUS3C,Melisa Yonnie,295164
525,WFBIUS6S,Jacquelin McNess,341985
526,PGCUIE21XXX,Guillemette Chateau,116619
527,BYLADEM1COB,Prescott Ickovic,169873
528,TDCIIE21XXX,Jeno Gavahan,101666
529,SBININBB796,Gerhardine Scotchford,341582
530,ICRAITRRJT0,Elberta Eastridge,237663
531,CAGLESMMXXX,Ike Iacomo,149674
532,EVATSES1XXX,Delphinia Sillars,155600
533,BAPPIT21782,Johny McDavitt,195295
534,ICRAITRRMJ0,Jerrie Dale,273661
535,RLNWATW1715,Pincas O'Sirin,324401
536,BBVABEBBXXX,Linell Tumielli,233988
537,RZSBIT21034,Kaiser Woodyear,261543
538,ROCIIE21XXX,Nessa Doulton,361360
539,LOYDDEM2XXX,Nerita Jeckells,361497
540,SVRNUS33,Octavia McNevin,335456
541,GENODEF1PL1,Janina Dominguez,51742
542,NDEADEFFXXX,Skippie Filisov,374869
543,RZTIAT22349,Tome Werndly,307101
544,PNCCUS33,Amity Tirone,6723
545,UBSWDE24ETD,Jerry Foggarty,219069
546,GENODE61KBR,Logan Emett,72931
547,WFBIUS6S,Rosemaria Immings,158121
548,SCCDIT31XXX,Gregorius Vasyukhin,341911
549,GENODE51GIN,Lynnell Farlowe,289749
550,ICRAITRRCL0,Dew Dannohl,275675
551,GENODEF1R0X,Thaxter Guiton,228086
552,RZKTAT2K442,Edmund Leighfield,61156
553,LOCYBEBBXXX,Caril Tejero,49551
554,AABAFI22XXX,Armando Ciubutaro,297439
555,RZOOAT2L540,Ray Backshill,226015
556,CSENIE21XXX,Viviana O'Moylane,107081
557,WELADED1KSD,Zorah Alner,124634
558,ALLFITMMXXX,Dottie Robinett,206541
559,RZKTAT2K505,Bee Holworth,289827
560,WFBIUS6S,Elsy Rubra,259696
561,GENODEF1EGB,Cleo Cage,370344
562,PORUIE21XXX,Darbee Barstowk,61705
563,TRANDE61XXX,Barbaraanne Sprason,28537
564,WELACNS1XXX,Philis Morrant,246353
565,MINDROBUXXX,Sharl Avesque,319487
566,ERBKGRAAXXX,Blake Thurlby,29759
567,CCUIFR21XXX,Shannan Soppitt,256101
568,FROPDK21XXX,Ivette Danett,373043
569,KIENIE21XXX,Amalee Havvock,284928
570,GEBABEBBLDN,Adelle Dominy,271465
571,GENODEF1S04,Demetre Molloy,99208
572,BAPPIT21B84,Hamel Welham,78761
573,RZKTAT2K400,Baily Lovitt,249629
574,DEUTITMMUNP,Cleveland Hodgins,127517
575,RVSAAT2S027,Carmelle Pinnion,90024
576,BAPPIT21T66,Dulcinea Carass,121225
577,RZSBIT21019,Don Atterbury,186938
578,BIMTITTTXXX,Abie Doring,232505
579,BAPPIT21486,Tilda Crook,145185
580,GENODEF1DM1,Clayson Sutton,370129
581,BAPPIT21AN2,Baron Ravenshaw,65503
582,MALADE51DKH,Germaine Pindell,54536
583,GENODEM1EOW,Delmer Arnaudi,39470
584,RVSAAT2S026,Danyette Payler,169751
585,RZTIAT22315,Emerson Bergeon,125603
586,WELADED1WMK,Nichole Mangin,122392
587,CITIUS33,Aland Dallimare,286053
588,RLNWATWWSGY,Stanford Chin,188078
589,COBANL2XXXX,Sauveur Tadman,16899
590,SBININBB905,Jilly Fanner,265910
591,ICRAITRRAL0,Julie Fulmen,29329
592,WFBIUS6S,William Yonge,168732
593,KREDITMMXXX,Salim Welldrake,70364
594,CAGLUS3MXXX,Dionne Billyeald,16214
595,RZSTAT2G249,Lucila Bateson,271400
596,SPSDSE21XXX,Haze Plackstone,348207
597,CRLYINBBXXX,Lorena Booth,210139
598,BOFAUS3N,Rourke Hurworth,346691
599,BGLLLULLXXX,Mariam Vidgeon,140032
600,EVSELT21XXX,Wakefield Colbrun,14155
601,WFBIUS6S,Dewitt D'Alessandro,321887
602,GENODEF1RME,Zenia Kinningley,138300
603,CMUBFR21XXX,Gladi Jealous,7971
604,SGFIFR21XXX,Shel Heeron,120384
605,BOFAUS3N,Kathlin Wedlock,107206
606,SPZOPLP1XXX,Lynsey Killshaw,363476
607,LBMAMTMTXXX,Trudi Minet,196967
608,NOLADE21ROS,Shannen McQuorkell,227661
609,NOLADE21BAH,Karmen Enga,263510
610,PNCCUS33,Casey Matthew,312975
611,GENODEF1NUI,Florida Stidston,336748
612,BAPPIT21668,Susana McArthur,150360
613,GENODEM1GBU,Jerry Lyddyard,297590
614,BOFAUS3N,Emelyne Dundendale,32901
615,SLZBSKBAXXX,Joleen Kellington,287047
616,SPBIDE3BXXX,Eb Greschke,224649
617,WFBIUS6S,Whitby De Blasio,114598
618,SLIPPLP1XXX,Valle Lockyear,48731
619,CELLLULLXXX,Garrot Bayne,14178
620,HWINDEM1XXX,Blancha Plampin,126944
621,CITIUS33,Kerry Korda,347239
622,SHMSFIH1XXX,Annalise Stapleton,59363
623,RZSBIT21025,Georgeta Probert,68791
624,CITIUS33,Carey Gaspar,361584
625,INGBPLPHXXX,Faber Harms,209634
626,CEPAMCM1XXX,Malina Hattoe,339103
627,DURUIE21XXX,Veriee Kennealy,247798
628,GENODEF1GSB,Dewitt Rohmer,78842
629,GENODEF1LON,Kata Wolford,133408
630,NOLADE21WHO,Vachel Artiss,316802
631,BICFFRPPXXX,Domenico McLoney,336569
632,CITIUS33,Kali Atkins,251983
633,FODBDE77KBU,Cooper Trinke,200177
634,CITIUS33,Lorie Mowlam,274951
635,TEHDHUH1XXX,Dorolisa Jennions,160833
636,GENODEF1ANS,Kermit Lyver,355853
637,PNCCUS33,Tabatha Roubert,176690
638,BAPPIT21B44,Maura Gillyatt,20197
639,SWESDK22XXX,Barbara Boshard,339880
640,SPFKAT2BXXX,Marcellina Jeakins,181988
641,PNCCUS33,Benedicto Gellibrand,266627
642,BAPPIT21013,Northrop Suggate,118561
643,GENODES1VHZ,Veronique Fowlston,232937
644,NFBKUS33,Malva Sackes,334016
645,RZOOAT2L736,Kendal Skone,317302
646,PASBITGGXXX,Micheline Silverwood,354853
647,RLBBAT2E012,Griffie Robers,341897
648,CITIUS33,Natka Favelle,142513
649,NFBKUS33,Atlanta MacQuarrie,228262
650,LECOIE21XXX,Ethyl Tzarkov,169798
651,RVSAAT2SXXX,Jacinthe Draper,335155
652,WFBIUS6S,Stephine Skacel,289978
653,CECAESMMXXX,Darn Telford,94366
654,COMMFRPPXXX,Maxie Malthouse,191488
655,SPHNAT21XXX,Chip Dunican,194324
656,WFBIUS6S,Jacob Cudbertson,248931
657,EXATPTP1XXX,Gradeigh Edgington,246141
658,BAPPIT21311,Marys Kees,212556
659,CITIUS33,Malory Oattes,220123
660,MADOIE21XXX,Trumaine Paynter,194380
661,FTSBSESSXXX,Winnifred Bernardot,210142
662,CLDOIE21XXX,Pietro Philippet,33653
663,UNLALV2XXXX,Isaiah Bertlin,58348
664,OLCCIE21XXX,Shaughn Rebert,126930
665,BNPASGSGXXX,Charissa McGrill,71939
666,GENODE51SEL,Ester Worboy,206529
667,ESSIESMMXXX,Gordon Janoch,249070
668,NOLADE21GRW,Sallyanne Midghall,212753
669,BOTKFRPXT2P,Durand Timlin,242361
670,BNCNIE21XXX,Reeta Elcoux,71817
671,EXSRPLP1XXX,Dillie Aery,170573
672,BOFAUS3N,Patrizia Targetter,188123
673,GENODED1KLL,Donovan Kausche,170827
674,BYLADEM1EGF,Madelin Frany,94976
675,RZOOAT2L400,Gal Rozet,249980
676,WELADED1OEH,Sashenka Viegas,310571
677,BAPPIT21I26,Carree Ellsom,315280
678,PCUEIE21XXX,Dean Grigorescu,223923
679,COBANL2XXXX,Issiah Djekic,25232
680,GENODE51DAA,Ulrikaumeko Wrightham,313191
681,BNPAHUHXXXX,Dolorita Doodson,46065
682,ADYENL21XXX,Bayard Kliner,375880
683,RLNWATWWWRN,Hector People,68484
684,ZABAHR2XXXX,Justinian Hamley,81614
685,INGBPLPWXXX,Louella O'Kerin,344792
686,BAPPIT21542,Brigitte Okell,149743
687,CEETFR21XXX,Daryl Greetham,5568
688,FTBCUS3C,Kimmie O'Hickey,212621
689,CEPANL2AXXX,Harp Sauter,311692
690,RZSBIT21008,Augusto Whitchurch,228225
691,ICRAITRRLE0,Sibbie Tait,333927
692,RZBAATWWPOP,Jenifer Kaliszewski,319068
693,GENODEF1BOH,Howie Peachey,3434
694,NOLASGSGXXX,Willa Huggin,338749
695,BCOEESMM085,Gustavo Sales,351023
696,BPCEFRPPXXX,Gaultiero Brandenburg,336118
697,CPBINOKKXXX,Nadean Conn,342082
698,UBSWDEFFCOL,Halley Wegner,374528
699,CCRIES2A152,Sullivan Naden,110107
700,SLRUIE21XXX,Ruperta Baumadier,118377
701,RZKTAT2K501,Lana Caven,369442
702,RVVGAT2B410,Elita McKellen,210753
703,DEUTLULLPRI,Jacky Vasyutkin,96471
704,BOFAUS3N,Allyn Fresson,32737
705,SPMLPLP1XXX,Luci Cardoe,184537
706,GENODEM1BAG,Lorette Rosingdall,88104
707,GUCUIE21XXX,Mic Coatham,195931
708,RZSBIT21040,Barbaraanne Olenov,311442
709,RANJAT2BXXX,Shandie Coopland,348618
710,GENODED1EGY,Alistair Edmondson,158097
711,BAPPIT21I50,Hasheem Doddridge,278321
712,RLNWATWWGTD,Bobette Dobrovsky,265985
713,NASBBGSFXXX,Modestia Millard,254442
714,WELADED1LUN,Hayyim O'Rourke,349048
715,PNCCUS33,Arlena Mechi,36159
716,ESSIPTPLXXX,Sheryl Bosnell,373231
717,CGERFR21XXX,Corrina Muff,246465
718,FTBCUS3C,Sully Flather,183878
719,TAHUEE21XXX,Rasla Renak,306372
720,BCGEFR21XXX,Nelli Habbergham,367588
721,GENODEM1GTL,Jenny Loughead,40637
722,SOLADES1BAT,Gar Paterson,234347
723,BAPPIT21B44,Harv Blaske,151908
724,CHDBDEHHXXX,Leia Howchin,216472
725,PSITITMMXXX,Odilia De Courtney,252673
726,LPLNNL2AXXX,Kalina Coltan,334573
727,ICRAITRRQ40,Gifford Adriani,310815
728,GENODE61WUT,Sisely Catherick,193728
729,GENODED1SLE,Keven Turmel,276847
730,CITIUS33,Salomone Kenwright,85987
731,BOFAUS3N,Nanete Vanacci,135449
732,CITIUS33,Dix Moxon,350838
733,CITIUS33,Nikolai Coppenhall,107648
734,BMWBDEMUXXX,Zora Monkleigh,221686
735,WELADED1HAA,Talyah Iddens,35622
736,BAPPIT21700,Marya Rraundl,313029
737,BAPPIT21676,Aeriel Dannohl,296483
738,BAPPIT21A36,Hamlen Kleinhaus,217979
739,BOFAUS3N,Pearline Wordington,120117
740,USBKUS44IMT,Liana Olerenshaw,333511
741,BAPPIT21AR4,Anna-maria Carlin,322155
742,CITIUS33,Perrine Northey,172582
743,WFBIUS6S,Derrik Overlow,224982
744,GOCNIE21XXX,Sonya Stodhart,301819
745,BAPPIT21B83,Sebastian Barefoot,183373
746,CITIUS33,Parsifal Fenck,84375
747,BAPPIT21L29,Lydon Mapplethorpe,260796
748,BELADEBEXXX,Zorana St. Louis,65505
749,BRLADE21ROB,Konstanze Canario,312928
750,BAPPIT21C62,Fernando Orum,177325
751,GENODEF1P06,Elsey Tixall,210284
752,NFBKUS33,Tynan Markey,170207
753,MEIIPTP1XXX,Garland Reyson,175393
754,BOFAUS3N,Dagny Wisby,341108
755,BAPPIT21289,Bellanca Lalor,213775
756,BPFRIT3FXXX,Vanessa Hellens,342119
757,CCRTIT2TBAR,Vinnie Diment,142629
758,BAPPIT21BA3,Jakie Mahon,132378
759,KBDUIE2DXXX,Titus Salla,9648
760,GENODEF1DON,Gale Cofax,242284
761,CCRTIT2TM00,Samara Walkington,193410
762,RZOOAT2L475,Marilyn Mackin,194404
763,BBSPDE6KXXX,Opalina Norgate,210167
764,MKGMDE51XXX,Stephie Quarmby,328505
765,DEUTLKLXXXX,Mufinella Jatczak,231487
766,MBWMMTMTXXX,Jennine McCamish,2798
767,RZKTAT2K510,Hermine Perkins,172482
768,BAPPIT21A44,Willi Mapholm,83265
769,BOFAUS3N,Sophia Trembey,339192
770,EDELFRP1XXX,Godiva Barnbrook,55203
771,BOFAUS3N,Leoline Vanns,305812
772,RSPKDK21XXX,Opaline Wyburn,122151
773,SUBASKBXXXX,Jannel Anear,349541
774,BNLIITR1C8Z,Blane Matei,24523
775,NFBKUS33,Caty Northam,174196
776,BOFAUS3N,Lynna Flaunier,14104
777,PNCCUS33,Benji Cokayne,308256
778,RZTIAT22XXX,Krysta Stenner,364573
779,SBININBB361,Fiona Timlett,331057
780,DEEUIE21XXX,Rinaldo Artrick,201049
781,SPBKDEDDXXX,Ardelia Fettis,166168
782,BAPPIT21AO3,Jarib Moses,148529
783,GENODEF1BST,Ralph Collyns,259177
784,RZSBIT21036,Nicholle Pitchers,257251
785,WFBIUS6S,Lew Boxe,315783
786,LDCIIE21XXX,Inglis Fendlen,15187
787,IRVTBEBBXXX,Jillane Ambrosoli,40925
788,CITIUS33,Bil Attewell,151419
789,DZBADEF1XXX,Sydney Thewys,354209
790,ITTPIT2MXXX,Mariejeanne Sinderson,218255
791,KBWFNL21XXX,Tiffy Bentjens,162609
792,BCMAESMMXXX,Hunter Scanlan,23335
793,SOLADES1RWL,Lucilia Shiril,46356
794,GENODEF1HTE,Kingston Manktelow,205231
795,AGRIFRPP813,Ermentrude Roly,249657
796,SOFBFRP1XXX,Marita Vasilevich,308151
797,VOWAPLP9XXX,Erny Janny,205902
798,RZSTAT2G252,Bertha MacNucator,336602
799,BAPPIT21872,Peria Rives,277899
800,BRLADE21CUX,Jordan Mallender,48741
801,CITIUS33,Dulcine Bru,300060
802,BAPPIT21G96,Becki Masedon,34137
803,BOFAUS3N,Britt Borland,86462
804,MMEBMTMTXXX,Noble Querrard,184763
805,BAPPIT21Q75,Kessiah Lanahan,271795
806,BOFAUS3N,Jocelin Skelly,340969
807,RVSAAT2SXXX,Em Roote,202681
808,BAPPIT21U30,Wandie Bubbings,255482
809,BAERMCMCXXX,Stan Balshen,336056
810,BAPPIT21597,Ardine Faire,356029
811,KREDHKHXXXX,Kimball Corrao,177112
812,CEPAFRPP831,Neale Limming,346709
813,BBVAITMMXXX,Suzette Marcos,281582
814,BYLADEM1SAD,Donovan Rottenbury,349863
815,NZFMDEF1XXX,Hakeem Whyman,143321
816,PSITITM1XXX,Bernhard Boothe,172385
817,CTBANL2AXXX,Torrie Levett,196310
818,HCSEDEF1XXX,Desi Breacher,368279
819,NFBKUS33,Irene Aspinell,279091
820,BNLIITR1AMZ,Maryanne Riep,346238
821,PNCCUS33,Cosette Cobbing,66978
822,BAPPIT21AL7,Langston Gowry,77958
823,BCOEESMM127,Mary Filyakov,148143
824,GENODEF1SHL,Kirby Saxelby,174792
825,GENODEF1AMV,Bard Burfield,293025
826,BSSWATWWXXX,Devonna Bartlomiejczyk,304784
827,CITFCZPPXXX,Golda Medcraft,334992
828,FTBCUS3C,Hinze Challender,331217
829,DEUTITM1981,Ban Leahey,94112
830,PNCCUS33,Kylila Milesap,47783
831,USBKUS44IMT,Toni Readwin,185596
832,CITIUS33,Thorsten Earey,154175
833,BAPPIT21B92,Lizabeth Terbrugge,246504
834,WFBIUS6S,Emlynne Kobel,187555
835,GENODEF1GZ2,Vincenty Gaucher,43553
836,AARBBEB1XXX,Marilyn Attawell,278000
837,ROCUIE21XXX,Micheil Allgood,366486
838,USBKUS44IMT,Vladamir Philip,81423
839,BLUCIT33XXX,Nicolina Pucker,197631
840,CGCRFR21XXX,Petunia Hackford,51040
841,RZOOAT2L400,Ricardo Lygoe,326729
842,SMBCDEFFXXX,Gilberta Ginnane,40610
843,ICRAITRRLE0,Liane Langstone,177980
844,FTBCUS3C,Shane Cafferky,82929
845,ICRAITRRMJ0,Isabeau Lampaert,2456
846,CFFIESB2XXX,Monty Emig,270238
847,CITIUS33,Curt Gameson,301671
848,VESBDK22XXX,Carlita Oleszkiewicz,31811
849,BOFAUS3N,Claudian Sprigg,276362
850,NOLADE21SAW,Norah Bulcock,109683
851,RTCUIE21XXX,Nicolea Langston,81073
852,GENODEM1HGN,Tammie Gilfillan,18128
853,WZNKPTPLXXX,Johna Lummus,29670
854,GENODE61UBE,Amber Tilford,330501
855,HEXIHUHBXXX,Dorey Lampke,135630
856,BAPPIT21099,Westbrook Grafham,336808
857,SGIUIT21XXX,Susy Monkley,278949
858,BNPAPLPXXXX,Cahra McQueen,320771
859,DEUTITMMMIL,Ronalda Yansons,357821
860,CRCOROBUXXX,Konstanze Sturdgess,39302
861,RVVGAT2B482,Jeanette Worsam,57545
862,CIDUIE21XXX,Juliann Kike,186609
863,WELADED1LOS,Stacie Blackeby,223799
864,SARCIT2SXXX,Linnie Seaborn,331800
865,SPMHDE3EXXX,Cinnamon Jills,376751
866,HELADEF1SON,Brynna Redmond,97246
867,ICRAITRRB80,Alisun Rodgers,346936
868,WFBIUS6S,Jim Botwood,81205
869,BAPPIT21BA1,Heidie Lamport,292138
870,BAPPIT21539,Kara-lynn Rendle,123229
871,NNBANL2GXXX,Dimitri Fernan,370921
872,KREDBEBBXXX,Gay Kirrage,105984
873,CITIUS33,Shadow Cellier,377520
874,BRLADE21SYK,Delia Carslake,143869
875,ICRAITRRJM0,Maryanne Blas,172465
876,CEIEFR21XXX,Kristel Jeyes,158567
877,GENODEF1GAH,Pierette Luebbert,95030
878,BNLIITRRRBS,Tedi Caruth,37716
879,PNCCUS33,Derwin Labin,225954
880,BIMTITTTXXX,Edmon Sheerman,154302
881,RZSTAT2G071,Meryl Lombard,18286
882,GENODEF1RUJ,Sammy Goshawke,267554
883,BOFAUS3N,Skyler Ramelet,334298
884,GENODEF1N03,Aaren Leroy,116157
885,SEDJSI21XXX,Adelina Wellman,290027
886,WFBIUS6S,Zia Malling,37093
887,HWINDEM1XXX,Arlinda Henaughan,367235
888,CITIUS33,Janine Markova,94240
889,TOBAPLPWXXX,Yetty Roadnight,150061
890,WFBIUS6S,Jerry Francino,102423
891,BSSSESM2XXX,Alana Rolf,337699
892,RLBBAT2E106,Konstanze Dewitt,256166
893,CCRTIT2TCIV,Ive Syddie,224627
894,GENODEM1LUB,Raynell Scallan,341744
895,RABODEFFXXX,Derrik Primrose,179249
896,SRZKPLPKXXX,Natalee Ranklin,20012
897,SANTATWWXXX,Gill Lovie,17499
898,BOFAUS3N,Fredia Tearney,287869
899,CIPBITMMXXX,Ingrim Antonsson,182048
900,VOLODE66XXX,Alisa Spyvye,182562
901,BIMTITTTXXX,Trista Scad,341214
902,BAPPIT21L36,Luz Everton,159391
903,ABCOFRPPXXX,Shelbi MacGraith,32180
904,HELADEF1ESW,Daisie Clapshaw,42420
905,GENODEF1MRI,Bryanty Rawlcliffe,340290
906,BAPPIT21AX5,Felix Davidov,219381
907,BYLADEM1NUL,Brennan Nanni,93372
908,ICRAITRRUX0,Minta Martignoni,182577
909,BAPPIT21N56,Zulema Stigell,250502
910,FECNIE21XXX,Dominik Crompton,243255
911,GENODEF1KAB,Gayleen Youles,216698
912,RZKTAT2K340,Patrizia Delatour,295945
913,FITTATW1XXX,Lexis Jendrassik,297012
914,ICRAITRRK60,Henka Guerriero,97583
915,RZSBIT21040,Culley Jirasek,8667
916,CHASUS33,Aila Ellar,288764
917,LCLPFRP1XXX,Briney Colmer,279968
918,BLJAIT3LXXX,Hube Gardener,140021
919,GENODEF1QLB,Randell Swyndley,185498
920,LLIDDED1XXX,Letisha Limerick,19839
921,CITIUS33,Carolann McGooch,126104
922,BAPPIT21392,Beilul Aspden,110657
923,SOPMFRP1XXX,Rona Twiname,127271
924,CEPAFRPP444,Raquela Liccardo,241194
925,CITIUS33,Shayne Queen,118645
926,DUROIE21XXX,Lorelle Catling,88534
927,PNCCUS33,Jefferey Cicchelli,169818
928,GENODEF1WDN,Peta Wade,257144
929,BAPPIT21M77,Ladonna Sharma,82352
930,BOFAUS3N,Moreen Braffington,356331
931,CETEFRP1XXX,Fulton Essame,205032
932,MALADE51AHR,Jere Jeckell,140286
933,GENODEF1P05,Konstantine Maker,111390
934,GENODEF1WWA,Kiley Dudin,75633
935,CFFIFR21XXX,Eve Cade,153094
936,BPKODEFFXXX,Christabella Gennrich,33332
937,GENODEF1HGM,Joshuah Cullingford,165993
938,CIBHHUHBXXX,Valerie Redfearn,325493
939,CGCEFR21XXX,Benedicta Vears,156166
940,WFBIUS6S,Jackie Meredyth,196839
941,CITIUS33,Giacobo Pietri,121718
942,NFBKUS33,Aggie Carriage,287297
943,BBRODK21XXX,Nathalie Keppy,2022
944,WFBIUS6S,Dennie Jelphs,230443
945,RVUALT2VXXX,Teodora Martyns,12955
946,NOSCIE2XXXX,Clemence Goodram,4617
947,LAHYSESSXXX,Ginelle Shawl,81534
948,NFBKUS33,Gris Feaveryear,242968
949,WFBIUS6S,Jessalyn Haycox,118199
950,BPBIBGSFXXX,Gustave Howse,174677
951,BALLDK21XXX,Meagan Eveling,306195
952,RVSAAT2S004,Saraann Raulstone,105358
953,CAIXLULLXXX,Farah Dilon,300936
954,BBVAFRPPXXX,Maurene Clew,215168
955,BAPPIT21148,Sorcha Cherm,152028
956,BYLADEM1SWU,Manya Morford,304934
957,CRUGLT21XXX,Davidson Crumb,273511
958,PNCCUS33,Lyndel Blaber,223476
959,HELADEF1ALT,Horten Smissen,73103
960,GUBEIT21XXX,Haleigh Murcutt,259150
961,BNPAHTP1XXX,Fancie Pervoe,46954
962,BAPPIT21A45,Meaghan LLelweln,122426
963,DEUTINBBXXX,Van Catton,15621
964,SGIUIT21XXX,Martita Haresign,224074
965,CITIUS33,Lisbeth Treeby,246005
966,GENODEF1WUL,Dorella Joblin,16398
967,NSMBFRPPXXX,Weider Abrey,199536
968,FFBKDEFFXXX,Had Garnsworth,202961
969,DBSALULLXXX,Willi Jess,145909
970,CITIUS33,Alejandro Stetson,106324
971,BNLIITR1B2Z,Jehanna Daveren,211251
972,GENODES1BOE,Ortensia Gwinnell,269719
973,RZKTAT2K481,Lauraine Netley,367534
974,BACXHUHBXXX,Nell Lezemore,200611
975,FVLBNL22XXX,Ebba Donaher,188799
976,FTBCUS3C,Meridith McDougald,350568
977,USBKUS44IMT,Brandais Missen,203697
978,BACAESMMXXX,Orrin Corah,113556
979,GENODES1RCW,Torrence McAteer,99670
980,BOFAUS3N,Kimberly Butterfield,255462
981,ICRAITRRKT0,Lonnie Tripean,178673
982,NALEFRP1XXX,Tommie Leetham,316729
983,HELADEFFXXX,Sammy Antonov,6710
984,PARBBEBZXXX,Hanna Caldicot,199888
985,GENODEF1SR2,Saudra Bice,43491
986,RSPKDK21XXX,Giulietta Siddaley,338260
987,SVRNUS33,Gradeigh Splevins,368857
988,WFBIUS6S,Hamish Wisniewski,136839
989,GENODEF1HOO,Happy Whyler,135308
990,GENODE51LB1,Art Erridge,116023
991,GENODED1MLW,Ariela McGuiness,344673
992,BOTKFRPXT2P,Felix Scheffel,96076
993,USBKUS44IMT,Orbadiah Ohrt,250652
994,PNCCUS33,Doyle Margach,138261
995,LOCYBEBBXXX,Frankie Kynett,316595
996,CITIUS33,Bendicty Rigden,143239
997,AKBKDEFFXXX,Shalna Phippen,279039
998,SOLADES1SIG,Lemuel Mosco,269325
999,ELGEDES1XXX,Rouvin Langmead,27470
1000,GENODEF1WRE,Timmy Rodden,223849
